country,inv_gdp_usd_mean,medals
AIN,,0
Afghanistan,1.9557176719579967,2
Albania,1.3459855598272858,2
Algeria,1.4710756255602613,20
Argentina,1.3059913131438987,42
Armenia,1.504438806744485,22
Australia,1.1250386305727207,529
Austria,1.1357241070675779,259
Azerbaijan,1.4739827599520705,55
Bahamas,1.1652938663466417,15
Bahrain,1.187552269230469,8
Barbados,1.2078680558729011,1
Belarus,1.4678493663208532,105
Belgium,1.1362807439274683,72
Bermuda,1.1037132249043227,2
Botswana,1.3891587347047318,4
Brazil,1.368452495533917,159
British West Indies,,0
Bulgaria,1.457618449339039,160
Burkina Faso,1.7992684003621253,1
Burundi,2.264877530298445,2
Cameroon,1.656845601339576,6
Canada,1.1255671275779724,463
Cape Verde,1.4694061035845074,1
Chile,1.3411925315902569,8
China,1.5227891965312128,802
Chinese Taipei,,0
Colombia,1.4161611126359164,38
Costa Rica,1.4198066174112085,4
Cote d'Ivoire,1.5978230774409876,3
Croatia,1.282560754625279,59
Cuba,1.432865585666103,222
Cyprus,1.1797916459745745,2
Czech Republic,1.2383381315436928,106
Czechoslovakia,1.4011399053969102,10
Denmark,1.1046780648157324,117
Djibouti,1.6576188640042915,1
Dominica,1.358986767909966,1
Dominican Republic,1.3839063378943879,15
Ecuador,1.4291512671958855,10
Egypt,1.5675930017243132,21
Eritrea,1.938004064707575,1
Estonia,1.273351785486722,21
Ethiopia,2.0729893749542128,62
Federal Republic of Germany,1.1513849635802467,243
Fiji,1.4256301915253444,4
Finland,1.1379247457548025,205
France,1.1391756195138494,593
Gabon,1.3150715676294438,1
Georgia,1.505621769523166,47
German Democratic Republic,1.1575901767488077,519
Germany,1.12449214497912,700
Ghana,1.6728920633727278,5
Great Britain,1.1417327600534526,590
Greece,1.2147391290085163,72
Grenada,1.3376341975125858,5
Guatemala,1.455247714466936,3
Guyana,1.6473955092350752,1
Hong Kong,1.1252029595355233,6
"Hong Kong, British",1.1362830847135221,1
"Hong Kong, China",1.1527452363742243,6
Hungary,1.3599323701818264,315
Iceland,1.106500685443408,3
Independent Olympic Athletes,,0
Independent Participants (ex Yugoslavia),,0
India,1.6961672005657966,31
Indonesia,1.6040888034078744,40
Iran,1.4510666932879084,74
Iraq,1.4857624248636054,1
Ireland,1.1237461980886216,32
Israel,1.1568331197193733,18
Italy,1.164044530672271,586
Ivory Coast,1.5863637090218081,2
Jamaica,1.4279092465566918,86
Japan,1.1521419191418243,543
Jordan,1.466968231702807,3
Kazakhstan,1.4188412838224551,83
Kenya,1.7718865867590041,124
Korea DPR,,0
Korea Republic,1.2317459315903834,373
Kosovo,1.4383673700701924,5
Kuwait,1.148250899018868,3
Kyrgyzstan,1.7018061225013996,12
Latvia,1.3019251497517828,25
Lebanon,,0
Liechtenstein,1.081166352955183,10
Lithuania,1.2936914515233529,28
Luxembourg,1.0761589681602561,2
Macedonia,1.502373374570092,1
Malaysia,1.3309723862578442,15
Mauritius,1.357878958158665,1
Mexico,1.327406970907026,64
Moldova,1.600268731645246,10
Mongolia,1.5533744591117127,22
Montenegro,1.3674260734416361,1
Morocco,1.5483990192601713,26
Mozambique,2.022357378310029,2
Namibia,1.4698140522322167,5
Netherlands,1.1208922265807522,404
Netherlands Antilles,,0
New Zealand,1.156725856881238,153
Niger,1.9351208856694393,2
Nigeria,1.655868803200838,27
North Macedonia,1.372506707944364,1
Norway,1.0844364684145271,398
Olympic Athletes from Russia,1.3025345404576816,17
Pakistan,1.8410426282956234,10
Panama,1.3241742166420358,2
Paraguay,1.5675184787004393,1
Peru,1.5408958399233108,4
Philippines,1.5474497368968618,13
Poland,1.320482334166826,136
Portugal,1.2450052802054807,26
Puerto Rico,1.2045770544790608,11
Qatar,1.1006994602435252,9
ROC,1.2989358694752318,94
Refugee Olympic Team,,0
Republic of China (Taiwan),,0
Romania,1.4714796529964134,140
Russian Federation,1.386823255810328,542
Saint Lucia,1.3149698313311695,2
Samoa,1.505116014803357,1
San Marino,1.1293486042979735,2
Saudi Arabia,1.195441842386687,4
Senegal,1.639286004110481,1
Serbia,1.3591418326462879,28
Serbia and Montenegro,1.4335029530779229,2
Singapore,1.1113167881979342,5
"Singapore, British",1.3213378941685903,1
Slovakia,1.2560761188729455,43
Slovenia,1.2100007490019395,55
South Africa,1.3845923368504107,47
South Korea,1.1592198990301608,20
Spain,1.1864149018669632,185
Sri Lanka,1.6740598535368751,1
Sudan,1.667771247981124,1
Suriname,1.5258795839944064,2
Sweden,1.1014341999709913,299
Switzerland,1.0750964644271945,239
Syria,1.6564090829634783,4
Tajikistan,1.7896546940701714,7
Tanzania,1.7096698527870988,2
Thailand,1.450644145071813,41
Togo,1.8588566006621476,1
Tonga,1.4927271258458368,1
Trinidad and Tobago,1.2657702649913367,16
Tunisia,1.4943144342221135,18
Turkey,1.3684314917477094,82
Turkmenistan,1.3896897008830953,1
USSR,1.349423307709909,161
Uganda,1.8907232726930543,13
Ukraine,1.573665023611158,159
Unified Team (ex USSR),1.4171389442750166,135
Unified Team of Germany,1.1335736301740347,109
United Arab Emirates,1.1291986411396115,2
"United Arab Republic (Egypt, Syria)",1.5846772926078834,2
United States,1.0922746023174565,1977
Uruguay,1.2729030102903436,2
Uzbekistan,1.6371831675671087,49
Venezuela,1.4074944243009742,18
Vietnam,1.64570660441169,5
"Virgin Islands, US",,0
Yugoslavia,,0
Yugoslavia Federal Republic,1.5232660143924168,7
Zambia,1.8131493159197074,3
Zimbabwe,1.9637838736600732,8
