Country Code,country_name,season,avg_medal_rank,avg_gdp_rank,total_medals,editions,window_start,window_end,window_efficiency,window_label
AUT,Austria,Winter,0.6,0.8466666666666667,6,1,1960,1960,0.7086614173228346,1960-1960
CAN,Canada,Winter,0.4,0.98,4,1,1960,1960,0.40816326530612246,1960-1960
CHE,Switzerland,Winter,0.19999999999999996,0.96,2,1,1960,1960,0.2083333333333333,1960-1960
DEU,Unified Team of Germany,Winter,0.9,0.86,8,1,1960,1960,1.0465116279069768,1960-1960
FIN,Finland,Winter,0.9,0.8666666666666667,8,1,1960,1960,1.0384615384615385,1960-1960
FRA,France,Winter,0.30000000000000004,0.8866666666666667,3,1,1960,1960,0.33834586466165417,1960-1960
ITA,Italy,Winter,0.0,0.8266666666666667,1,1,1960,1960,0.0,1960-1960
NLD,Netherlands,Winter,0.19999999999999996,0.8533333333333333,2,1,1960,1960,0.23437499999999997,1960-1960
NOR,Norway,Winter,0.6,0.92,6,1,1960,1960,0.6521739130434782,1960-1960
SWE,Sweden,Winter,0.7,0.9666666666666667,7,1,1960,1960,0.7241379310344828,1960-1960
USA,United States,Winter,1.0,1.0,10,1,1960,1960,1.0,1960-1960
AUT,Austria,Winter,0.75,0.8426881720430108,18,2,1960,1964,0.8900089319892815,1960-1964
CAN,Canada,Winter,0.3,0.9674193548387096,7,2,1960,1964,0.3101033677892631,1960-1964
CHE,Switzerland,Winter,0.19999999999999996,0.96,2,1,1960,1964,0.2083333333333333,1960-1964
DEU,Unified Team of Germany,Winter,0.8,0.8622580645161291,17,2,1960,1964,0.9277964833520389,1960-1964
FIN,Finland,Winter,0.8500000000000001,0.878494623655914,18,2,1960,1964,0.9675642594859242,1960-1964
FRA,France,Winter,0.45,0.9013978494623656,10,2,1960,1964,0.4992246212573065,1960-1964
GBR,Great Britain,Winter,0.0,0.896774193548387,1,1,1960,1964,0.0,1960-1964
ITA,Italy,Winter,0.15000000000000002,0.8294623655913979,5,2,1960,1964,0.18084003111226343,1960-1964
NLD,Netherlands,Winter,0.14999999999999997,0.8621505376344085,4,2,1960,1964,0.17398353704165626,1960-1964
NOR,Norway,Winter,0.8,0.9212903225806452,21,2,1960,1964,0.8683473389355741,1960-1964
SWE,Sweden,Winter,0.6499999999999999,0.9736559139784946,14,2,1960,1964,0.6675869685256763,1960-1964
USA,United States,Winter,0.8,0.9967741935483871,17,2,1960,1964,0.8025889967637541,1960-1964
AUT,Austria,Winter,0.7666666666666666,0.8352452085077159,29,3,1960,1968,0.9178941212203126,1960-1968
CAN,Canada,Winter,0.19999999999999998,0.9702955379563454,10,3,1960,1968,0.2061227658752752,1960-1968
CHE,Switzerland,Winter,0.25,0.9650299401197604,8,2,1960,1968,0.25905931993050385,1960-1968
DEU,Federal Republic of Germany,Winter,0.9,0.874251497005988,12,1,1960,1968,1.0294520547945205,1960-1968
DEU,Unified Team of Germany,Winter,0.8,0.8622580645161291,17,2,1960,1968,0.9277964833520389,1960-1968
FIN,Finland,Winter,0.6333333333333333,0.8690962161698109,23,3,1960,1968,0.7287263729262257,1960-1968
FRA,France,Winter,0.5333333333333333,0.9103131371665271,19,3,1960,1968,0.5858789811530191,1960-1968
GBR,Great Britain,Winter,0.0,0.896774193548387,1,1,1960,1968,0.0,1960-1968
ITA,Italy,Winter,0.13333333333333333,0.8284240121906724,9,3,1960,1968,0.16094817553724525,1960-1968
NLD,Netherlands,Winter,0.3333333333333333,0.87816023866246,13,3,1960,1968,0.37958144613907674,1960-1968
NOR,Norway,Winter,0.8666666666666667,0.9275668018801108,35,3,1960,1968,0.934344205624863,1960-1968
SWE,Sweden,Winter,0.6,0.9784452600175992,22,3,1960,1968,0.6132177491352023,1960-1968
USA,United States,Winter,0.6666666666666666,0.9978494623655915,24,3,1960,1968,0.668103448275862,1960-1968
AUT,Austria,Winter,0.7611111111111111,0.8267071968118094,28,3,1963,1972,0.9206537865478017,1963-1972
CAN,Canada,Winter,0.09444444444444444,0.964681502868626,7,3,1963,1972,0.09790220312465787,1963-1972
CHE,Switzerland,Winter,0.5666666666666667,0.9745036243302869,16,2,1963,1972,0.5814926209803477,1963-1972
DEU,Federal Republic of Germany,Winter,0.9,0.874251497005988,12,1,1963,1972,1.0294520547945205,1963-1972
DEU,German Democratic Republic,Winter,1.0,0.9052631578947368,19,1,1963,1972,1.1046511627906979,1963-1972
DEU,Unified Team of Germany,Winter,0.7,0.864516129032258,9,1,1963,1972,0.8097014925373134,1963-1972
ESP,Spain,Winter,0.08333333333333337,0.7526315789473684,1,1,1963,1972,0.11072261072261078,1963-1972
FIN,Finland,Winter,0.5277777777777778,0.8679266255265361,20,3,1963,1972,0.6080903180699132,1963-1972
FRA,France,Winter,0.5166666666666666,0.9147575816109716,19,3,1963,1972,0.5648126640904899,1963-1972
GBR,Great Britain,Winter,0.0,0.896774193548387,1,1,1963,1972,0.0,1963-1972
ITA,Italy,Winter,0.3277777777777778,0.821289509266696,13,3,1963,1972,0.3991013815218953,1963-1972
JPN,Japan,Winter,0.25,0.8473684210526317,3,1,1963,1972,0.29503105590062106,1963-1972
NLD,Netherlands,Winter,0.5166666666666666,0.9007333380776646,20,3,1963,1972,0.573606687823203,1963-1972
NOR,Norway,Winter,0.9722222222222222,0.9331808369678302,41,3,1963,1972,1.0418368913159948,1963-1972
SWE,Sweden,Winter,0.4777777777777778,0.9860475991988857,19,3,1963,1972,0.4845382496402286,1963-1972
USA,United States,Winter,0.5555555555555556,0.9960950764006791,22,3,1963,1972,0.5577334621138951,1963-1972
AUT,Austria,Winter,0.6833333333333332,0.8340788850947048,22,3,1967,1976,0.8192670328247725,1967-1976
CAN,Canada,Winter,0.13888888888888892,0.9608349226668745,7,3,1967,1976,0.1445502090030113,1967-1976
CHE,Switzerland,Winter,0.5444444444444444,0.9709749248112565,21,3,1967,1976,0.5607193662084287,1967-1976
DEU,Federal Republic of Germany,Winter,0.95,0.8752700783999012,41,2,1967,1976,1.0853792714320978,1967-1976
DEU,German Democratic Republic,Winter,1.0,0.9052631578947368,19,1,1967,1976,1.1046511627906979,1967-1976
ESP,Spain,Winter,0.08333333333333337,0.7526315789473684,1,1,1967,1976,0.11072261072261078,1967-1976
FIN,Finland,Winter,0.5388888888888889,0.8649668649678396,17,3,1967,1976,0.6230168006596708,1967-1976
FRA,France,Winter,0.3444444444444444,0.90491388357306,13,3,1967,1976,0.3806378161471041,1967-1976
GBR,Great Britain,Winter,0.08333333333333337,0.788659793814433,1,1,1967,1976,0.10566448801742924,1967-1976
ITA,Italy,Winter,0.36666666666666664,0.8050385393077112,13,3,1967,1976,0.4554647371068468,1967-1976
JPN,Japan,Winter,0.25,0.8473684210526317,3,1,1967,1976,0.29503105590062106,1967-1976
LIE,Liechtenstein,Winter,0.25,0.9742268041237113,2,1,1967,1976,0.2566137566137566,1967-1976
NLD,Netherlands,Winter,0.7055555555555556,0.9179708948895481,24,3,1967,1976,0.7686034050572479,1967-1976
NOR,Norway,Winter,0.9166666666666666,0.9418051579965409,33,3,1967,1976,0.9733081825721255,1967-1976
SWE,Sweden,Winter,0.36111111111111116,0.9787535076347575,14,3,1967,1976,0.3689500045662849,1967-1976
USA,United States,Winter,0.6611111111111111,0.9741906312172183,25,3,1967,1976,0.6786260203355426,1967-1976
AUT,Austria,Winter,0.6611111111111111,0.8537014756623619,18,3,1971,1980,0.774405491800485,1971-1980
BGR,Bulgaria,Winter,0.2666666666666667,0.6376811594202898,1,1,1971,1980,0.4181818181818183,1971-1980
CAN,Canada,Winter,0.27222222222222225,0.9301716116078332,6,3,1971,1980,0.2926580631198547,1971-1980
CHE,Switzerland,Winter,0.6666666666666666,0.9712931289826239,20,3,1971,1980,0.6863702076889634,1971-1980
DEU,Federal Republic of Germany,Winter,1.0,0.892250610090144,57,2,1971,1980,1.1207613519019843,1971-1980
DEU,German Democratic Republic,Winter,1.0,0.9052631578947368,19,1,1971,1980,1.1046511627906979,1971-1980
ESP,Spain,Winter,0.08333333333333337,0.7526315789473684,1,1,1971,1980,0.11072261072261078,1971-1980
FIN,Finland,Winter,0.7388888888888889,0.877830027531601,21,3,1971,1980,0.8417220483635024,1971-1980
FRA,France,Winter,0.20000000000000004,0.9031010840513306,5,3,1971,1980,0.22145915172950054,1971-1980
GBR,Great Britain,Winter,0.17500000000000004,0.8291125056028686,2,2,1971,1980,0.21106906338694423,1971-1980
HUN,Hungary,Winter,0.2666666666666667,0.6183574879227054,1,1,1971,1980,0.43125,1971-1980
ITA,Italy,Winter,0.4666666666666666,0.8081723682681479,11,3,1971,1980,0.5774345733530805,1971-1980
JPN,Japan,Winter,0.25833333333333336,0.8512204424103738,4,2,1971,1980,0.3034858192571352,1971-1980
LIE,Liechtenstein,Winter,0.425,0.9750361073758653,6,2,1971,1980,0.43588129381568363,1971-1980
NLD,Netherlands,Winter,0.6722222222222222,0.9269770371943106,19,3,1971,1980,0.7251767791970802,1971-1980
NOR,Norway,Winter,0.8722222222222222,0.9456621782555398,29,3,1971,1980,0.922340178425247,1971-1980
SWE,Sweden,Winter,0.39444444444444443,0.9698630759377651,10,3,1971,1980,0.40670116661885936,1971-1980
USA,United States,Winter,0.8388888888888889,0.9500360418452377,30,3,1971,1980,0.883007435443744,1971-1980
AUT,Austria,Winter,0.5222222222222223,0.8704934556122365,14,3,1975,1984,0.5999151617457392,1975-1984
BGR,Bulgaria,Winter,0.2666666666666667,0.6376811594202898,1,1,1975,1984,0.4181818181818183,1975-1984
CAN,Canada,Winter,0.41111111111111115,0.9249919959019017,9,3,1975,1984,0.44444829029062294,1975-1984
CHE,Switzerland,Winter,0.5833333333333334,0.967199561731162,15,3,1975,1984,0.6031157957611584,1975-1984
DEU,Federal Republic of Germany,Winter,1.0,0.890071835298191,85,3,1975,1984,1.1235048232539355,1975-1984
FIN,Finland,Winter,0.85,0.8932853324605902,29,3,1975,1984,0.9515436659624098,1975-1984
FRA,France,Winter,0.2555555555555556,0.8967518777021243,5,3,1975,1984,0.2849791139667331,1975-1984
GBR,Great Britain,Winter,0.17222222222222225,0.8368686545288965,3,3,1975,1984,0.20579361084944967,1975-1984
HUN,Hungary,Winter,0.2666666666666667,0.6183574879227054,1,1,1975,1984,0.43125,1975-1984
ITA,Italy,Winter,0.3833333333333333,0.8191163950016481,8,3,1975,1984,0.4679839589006908,1975-1984
JPN,Japan,Winter,0.21666666666666667,0.8846790890269152,2,2,1975,1984,0.24490989936812543,1975-1984
LIE,Liechtenstein,Winter,0.39444444444444443,0.9770081985680372,8,3,1975,1984,0.4037268520597537,1975-1984
NLD,Netherlands,Winter,0.6333333333333333,0.9299392400019921,10,2,1975,1984,0.6810480793691173,1975-1984
NOR,Norway,Winter,0.8444444444444444,0.9508417939614713,26,3,1975,1984,0.8881019427282998,1975-1984
SWE,Sweden,Winter,0.5333333333333333,0.9543242288199707,14,3,1975,1984,0.5588596802082706,1975-1984
USA,United States,Winter,0.8666666666666667,0.9422666182863404,30,3,1975,1984,0.9197679826998816,1975-1984
AUT,Austria,Winter,0.5564102564102563,0.886855178159526,18,3,1979,1988,0.6273969754170734,1979-1988
BGR,Bulgaria,Winter,0.2666666666666667,0.6376811594202898,1,1,1979,1988,0.4181818181818183,1979-1988
CAN,Canada,Winter,0.4282051282051282,0.9213698170219909,11,3,1979,1988,0.46474837822358134,1979-1988
CHE,Switzerland,Winter,0.6987179487179488,0.9762240501370937,25,3,1979,1988,0.7157352337507215,1979-1988
DEU,Federal Republic of Germany,Winter,1.0,0.9057834231747274,89,3,1979,1988,1.1040166715516255,1979-1988
FIN,Finland,Winter,0.8029914529914529,0.9177892177892177,29,3,1979,1988,0.8749192488071595,1979-1988
FRA,France,Winter,0.27905982905982907,0.906024036458819,6,3,1979,1988,0.30800488489304334,1979-1988
GBR,Great Britain,Winter,0.21666666666666667,0.8609730848861283,2,2,1979,1988,0.25165324035108816,1979-1988
HUN,Hungary,Winter,0.2666666666666667,0.6183574879227054,1,1,1979,1988,0.43125,1979-1988
ITA,Italy,Winter,0.37264957264957266,0.8537438059177189,9,3,1979,1988,0.4364887570094856,1979-1988
JPN,Japan,Winter,0.17008547008547006,0.9186148881801056,3,3,1979,1988,0.1851542711466731,1979-1988
LIE,Liechtenstein,Winter,0.3367521367521367,0.9840977623586319,7,3,1979,1988,0.3421937836186392,1979-1988
NLD,Netherlands,Winter,0.6461538461538461,0.9280584932758844,11,2,1979,1988,0.696242586901,1979-1988
NOR,Norway,Winter,0.694871794871795,0.9560119125336516,24,3,1979,1988,0.726844284848109,1979-1988
RUS,USSR,Winter,0.9230769230769231,0.7027027027027026,29,1,1979,1988,1.3136094674556216,1979-1988
SWE,Sweden,Winter,0.6294871794871795,0.9575594227768142,18,3,1979,1988,0.657387066028485,1979-1988
USA,United States,Winter,0.7405982905982906,0.9483035830861918,26,3,1979,1988,0.7809717307911693,1979-1988
AUT,Austria,Winter,0.6082621082621081,0.9077490650104757,32,3,1983,1992,0.6700773723794347,1983-1992
CAN,Canada,Winter,0.4985754985754986,0.9282052651347258,16,3,1983,1992,0.5371392700548107,1983-1992
CHE,Switzerland,Winter,0.569088319088319,0.9831196341569785,23,3,1983,1992,0.5788596822972722,1983-1992
CHN,China,Winter,0.2777777777777778,0.16182572614107882,3,1,1983,1992,1.7165242165242167,1983-1992
CZE,Czechoslovakia,Winter,0.2777777777777778,0.6804979253112032,3,1,1983,1992,0.4081978319783199,1983-1992
DEU,Federal Republic of Germany,Winter,1.0,0.9045688545688545,61,2,1983,1992,1.1054990396243864,1983-1992
DEU,Germany,Winter,1.0,0.9585062240663901,26,1,1983,1992,1.0432900432900432,1983-1992
ESP,Spain,Winter,0.05555555555555558,0.8506224066390041,1,1,1983,1992,0.0653116531165312,1983-1992
FIN,Finland,Winter,0.74002849002849,0.9271637375371816,27,3,1983,1992,0.79816375475838,1983-1992
FRA,France,Winter,0.4123931623931624,0.9096589179576732,14,3,1983,1992,0.4533492216170977,1983-1992
GBR,Great Britain,Winter,0.16666666666666663,0.8523809523809524,1,1,1983,1992,0.1955307262569832,1983-1992
ITA,Italy,Winter,0.4985754985754986,0.8822148170695888,21,3,1983,1992,0.5651406992138187,1983-1992
JPN,Japan,Winter,0.2849002849002849,0.9600084376017985,9,3,1983,1992,0.29676852175590834,1983-1992
KOR,Korea Republic,Winter,0.4444444444444444,0.7800829875518672,4,1,1983,1992,0.5697399527186761,1983-1992
LIE,Liechtenstein,Winter,0.20512820512820512,0.9882239382239382,3,2,1983,1992,0.20757259280408333,1983-1992
LUX,Luxembourg,Winter,0.11111111111111116,0.9875518672199171,2,1,1983,1992,0.11251167133520079,1983-1992
NLD,Netherlands,Winter,0.5683760683760684,0.9283391275092518,11,2,1983,1992,0.6122504713347913,1983-1992
NOR,Norway,Winter,0.6837606837606837,0.96381621692825,34,3,1983,1992,0.7094305654452225,1983-1992
NZL,New Zealand,Winter,0.05555555555555558,0.8174273858921162,1,1,1983,1992,0.06796390298928373,1983-1992
RUS,USSR,Winter,0.9230769230769231,0.7027027027027026,29,1,1983,1992,1.3136094674556216,1983-1992
RUS,Unified Team (ex USSR),Winter,0.9444444444444444,0.6556016597510373,23,1,1983,1992,1.440576652601969,1983-1992
SWE,Sweden,Winter,0.5776353276353277,0.9649093669840557,18,3,1983,1992,0.5986420563423472,1983-1992
USA,United States,Winter,0.6702279202279202,0.9558606620847284,25,3,1983,1992,0.7011774276453178,1983-1992
AUS,Australia,Winter,0.04761904761904767,0.8806584362139918,1,1,1985,1994,0.05407209612817095,1985-1994
AUT,Austria,Winter,0.7908017908017908,0.9341453025178245,40,3,1985,1994,0.8465511614417196,1985-1994
BLR,Belarus,Winter,0.19047619047619047,0.49382716049382713,2,1,1985,1994,0.38571428571428573,1985-1994
CAN,Canada,Winter,0.6017501017501018,0.9113720297829718,25,3,1985,1994,0.6602683449627027,1985-1994
CHE,Switzerland,Winter,0.6127391127391127,0.9901155189306411,27,3,1985,1994,0.6188561849842452,1985-1994
CHN,China,Winter,0.32936507936507936,0.19202397418165051,6,2,1985,1994,1.7152289487223462,1985-1994
CZE,Czechoslovakia,Winter,0.2777777777777778,0.6804979253112032,3,1,1985,1994,0.4081978319783199,1985-1994
DEU,Federal Republic of Germany,Winter,1.0,0.9234234234234234,33,1,1985,1994,1.0829268292682928,1985-1994
DEU,Germany,Winter,0.9761904761904762,0.9607345935146766,50,2,1985,1994,1.0160875675552152,1985-1994
ESP,Spain,Winter,0.05555555555555558,0.8506224066390041,1,1,1985,1994,0.0653116531165312,1985-1994
FIN,Finland,Winter,0.6408221408221408,0.9244006569963231,20,3,1985,1994,0.693229863016735,1985-1994
FRA,France,Winter,0.4481074481074481,0.9260218417280043,16,3,1985,1994,0.48390591659399373,1985-1994
GBR,Great Britain,Winter,0.19047619047619047,0.8930041152263375,2,1,1985,1994,0.21329822251481234,1985-1994
ITA,Italy,Winter,0.6731786731786732,0.8977742918883229,39,3,1985,1994,0.74983064146641,1985-1994
JPN,Japan,Winter,0.403947903947904,0.9830928977232958,13,3,1985,1994,0.41089494683909344,1985-1994
KAZ,Kazakhstan,Winter,0.38095238095238093,0.44032921810699593,3,1,1985,1994,0.8651535380507341,1985-1994
KOR,Korea Republic,Winter,0.5317460317460317,0.7851032221709953,10,2,1985,1994,0.6772944203128205,1985-1994
LIE,Liechtenstein,Winter,0.07692307692307687,0.9954954954954955,1,1,1985,1994,0.07727114514444826,1985-1994
LUX,Luxembourg,Winter,0.11111111111111116,0.9875518672199171,2,1,1985,1994,0.11251167133520079,1985-1994
NLD,Netherlands,Winter,0.5217745217745218,0.9316499533189252,15,3,1985,1994,0.5600542563392437,1985-1994
NOR,Norway,Winter,0.7393162393162394,0.9700870380138861,51,3,1985,1994,0.7621133056574833,1985-1994
NZL,New Zealand,Winter,0.05555555555555558,0.8174273858921162,1,1,1985,1994,0.06796390298928373,1985-1994
RUS,Russian Federation,Winter,0.9047619047619048,0.6008230452674896,23,1,1985,1994,1.5058708414872801,1985-1994
RUS,USSR,Winter,0.9230769230769231,0.7027027027027026,29,1,1985,1994,1.3136094674556216,1985-1994
RUS,Unified Team (ex USSR),Winter,0.9444444444444444,0.6556016597510373,23,1,1985,1994,1.440576652601969,1985-1994
SVN,Slovenia,Winter,0.38095238095238093,0.7736625514403292,3,1,1985,1994,0.4924012158054711,1985-1994
SWE,Sweden,Winter,0.45461945461945463,0.9688678227943633,13,3,1985,1994,0.4692275292085379,1985-1994
UKR,Ukraine,Winter,0.19047619047619047,0.3950617283950617,2,1,1985,1994,0.48214285714285715,1985-1994
USA,United States,Winter,0.69006919006919,0.9544105347086752,30,3,1985,1994,0.7230318243289583,1985-1994
UZB,Uzbekistan,Winter,0.04761904761904767,0.24279835390946503,1,1,1985,1994,0.19612590799031498,1985-1994
AUS,Australia,Winter,0.13250517598343686,0.8780802221230601,2,2,1989,1998,0.15090326902371193,1989-1998
AUT,Austria,Winter,0.8242466068553025,0.9414176350913618,47,3,1989,1998,0.8755376743875335,1989-1998
BEL,Belgium,Winter,0.21739130434782605,0.9196787148594378,1,1,1989,1998,0.23637744446554013,1989-1998
BGR,Bulgaria,Winter,0.21739130434782605,0.47791164658634533,1,1,1989,1998,0.4548776032151991,1989-1998
BLR,Belarus,Winter,0.2474120082815735,0.4657890822549457,4,2,1989,1998,0.531167469799463,1989-1998
CAN,Canada,Winter,0.7489072923855532,0.8897178454781852,35,3,1989,1998,0.8417357212645854,1989-1998
CHE,Switzerland,Winter,0.49010812054290315,0.98776376959094,19,3,1989,1998,0.4961794870709525,1989-1998
CHN,China,Winter,0.4079825166781689,0.2270789011277938,14,3,1989,1998,1.7966553239949294,1989-1998
CZE,Czech Republic,Winter,0.3913043478260869,0.7349397590361445,3,1,1989,1998,0.5324305060584462,1989-1998
CZE,Czechoslovakia,Winter,0.2777777777777778,0.6804979253112032,3,1,1989,1998,0.4081978319783199,1989-1998
DEU,Germany,Winter,0.9841269841269842,0.9524040529723011,79,3,1989,1998,1.0333082697996516,1989-1998
DNK,Denmark,Winter,0.21739130434782605,0.9678714859437751,1,1,1989,1998,0.22460761320584516,1989-1998
ESP,Spain,Winter,0.05555555555555558,0.8506224066390041,1,1,1989,1998,0.0653116531165312,1989-1998
FIN,Finland,Winter,0.656429721647113,0.9153192864691695,25,3,1989,1998,0.7171592813031187,1989-1998
FRA,France,Winter,0.5852311939268461,0.92509923237166,22,3,1989,1998,0.6326145060422323,1989-1998
GBR,Great Britain,Winter,0.20393374741200826,0.9183896078139719,3,2,1989,1998,0.22205580907805403,1989-1998
ITA,Italy,Winter,0.7623648493213712,0.9005059391982835,44,3,1989,1998,0.846596136834035,1989-1998
JPN,Japan,Winter,0.5956981826547044,0.9742105213710398,22,3,1989,1998,0.6114676136081532,1989-1998
KAZ,Kazakhstan,Winter,0.34265010351966874,0.4269919182904458,5,2,1989,1998,0.8024744470376448,1989-1998
KOR,Korea Republic,Winter,0.4994248907292385,0.776414196306768,16,3,1989,1998,0.6432454392319115,1989-1998
LUX,Luxembourg,Winter,0.11111111111111116,0.9875518672199171,2,1,1989,1998,0.11251167133520079,1989-1998
NLD,Netherlands,Winter,0.5228893489763055,0.9385966590608117,19,3,1989,1998,0.5570969637794411,1989-1998
NOR,Norway,Winter,0.9299516908212562,0.9727282334261657,71,3,1989,1998,0.9560241585111178,1989-1998
NZL,New Zealand,Winter,0.05555555555555558,0.8174273858921162,1,1,1989,1998,0.06796390298928373,1989-1998
RUS,Russian Federation,Winter,0.9089026915113871,0.5433834101839456,41,2,1989,1998,1.6726728760521161,1989-1998
RUS,Unified Team (ex USSR),Winter,0.9444444444444444,0.6556016597510373,23,1,1989,1998,1.440576652601969,1989-1998
SVN,Slovenia,Winter,0.38095238095238093,0.7736625514403292,3,1,1989,1998,0.4924012158054711,1989-1998
SWE,Sweden,Winter,0.40556705774097074,0.9619753881910854,10,3,1989,1998,0.42159816427695285,1989-1998
UKR,Ukraine,Winter,0.20393374741200826,0.34411720957905695,3,2,1989,1998,0.5926287373464152,1989-1998
USA,United States,Winter,0.7714515757994018,0.9603803599556088,37,3,1989,1998,0.8032771264033973,1989-1998
UZB,Uzbekistan,Winter,0.04761904761904767,0.24279835390946503,1,1,1989,1998,0.19612590799031498,1989-1998
AUS,Australia,Winter,0.16080055210489994,0.8666368147487068,4,3,1993,2002,0.1855454896080387,1993-2002
AUT,Austria,Winter,0.8178053830227743,0.9282293138603798,43,3,1993,2002,0.8810380913544226,1993-2002
BEL,Belgium,Winter,0.21739130434782605,0.9196787148594378,1,1,1993,2002,0.23637744446554013,1993-2002
BGR,Bulgaria,Winter,0.2826086956521739,0.49090894829317266,4,2,1993,2002,0.5756845472765734,1993-2002
BLR,Belarus,Winter,0.17943409247757072,0.4472448048366305,5,3,1993,2002,0.4011988301197023,1993-2002
CAN,Canada,Winter,0.8350586611456178,0.8824672403606195,45,3,1993,2002,0.9462772360868282,1993-2002
CHE,Switzerland,Winter,0.629399585921325,0.9827175213198474,27,3,1993,2002,0.6404684685747787,1993-2002
CHN,China,Winter,0.518288474810214,0.29292865908076754,19,3,1993,2002,1.769333449436606,1993-2002
CZE,Czech Republic,Winter,0.3695652173913043,0.7307511295180722,6,2,1993,2002,0.505733350881074,1993-2002
DEU,Germany,Winter,0.9841269841269842,0.932381144950171,89,3,1993,2002,1.0554985903104879,1993-2002
DNK,Denmark,Winter,0.21739130434782605,0.9678714859437751,1,1,1993,2002,0.22460761320584516,1993-2002
EST,Estonia,Winter,0.34782608695652173,0.6875,3,1,1993,2002,0.5059288537549407,1993-2002
FIN,Finland,Winter,0.62663906142167,0.9169401370915762,25,3,1993,2002,0.6834023684570006,1993-2002
FRA,France,Winter,0.5948930296756384,0.9068646628695852,24,3,1993,2002,0.6559887644019812,1993-2002
GBR,Great Britain,Winter,0.20841959972394752,0.9273639052093147,5,3,1993,2002,0.22474413609715085,1993-2002
HRV,Croatia,Winter,0.4347826086956522,0.703125,4,1,1993,2002,0.6183574879227054,1993-2002
ITA,Italy,Winter,0.7639751552795032,0.8825144972895699,43,3,1993,2002,0.8656800059668917,1993-2002
JPN,Japan,Winter,0.4644582470669427,0.9668032340266416,17,3,1993,2002,0.4804061785483683,1993-2002
KAZ,Kazakhstan,Winter,0.34265010351966874,0.4269919182904458,5,2,1993,2002,0.8024744470376448,1993-2002
KOR,Korea Republic,Winter,0.4962042788129745,0.7768032004561456,16,3,1993,2002,0.638777335780284,1993-2002
NLD,Netherlands,Winter,0.577639751552795,0.93720813036095,23,3,1993,2002,0.6163409522816738,1993-2002
NOR,Norway,Winter,0.9565217391304349,0.9745165719462211,76,3,1993,2002,0.9815346056354399,1993-2002
POL,Poland,Winter,0.21739130434782605,0.68359375,2,1,1993,2002,0.3180124223602484,1993-2002
RUS,Russian Federation,Winter,0.8668046928916494,0.5432451901226304,54,3,1993,2002,1.5956049103646546,1993-2002
SVN,Slovenia,Winter,0.21221532091097306,0.7657375257201646,4,2,1993,2002,0.27713846296273353,1993-2002
SWE,Sweden,Winter,0.4313319530710835,0.9466745583155668,13,3,1993,2002,0.4556285465604562,1993-2002
UKR,Ukraine,Winter,0.20393374741200826,0.34411720957905695,3,2,1993,2002,0.5926287373464152,1993-2002
USA,United States,Winter,0.849551414768806,0.9665612036623862,60,3,1993,2002,0.8789421834331652,1993-2002
UZB,Uzbekistan,Winter,0.04761904761904767,0.24279835390946503,1,1,1993,2002,0.19612590799031498,1993-2002
AUS,Australia,Winter,0.25159420289855067,0.8688038470353527,5,3,1997,2006,0.2895868886366855,1997-2006
AUT,Austria,Winter,0.8730434782608696,0.910967780818475,57,3,1997,2006,0.9583692163914606,1997-2006
BEL,Belgium,Winter,0.21739130434782605,0.9196787148594378,1,1,1997,2006,0.23637744446554013,1997-2006
BGR,Bulgaria,Winter,0.25507246376811593,0.5088549927661359,5,3,1997,2006,0.5012674875833328,1997-2006
BLR,Belarus,Winter,0.18260869565217389,0.4525449601584028,4,3,1997,2006,0.40351503547461004,1997-2006
CAN,Canada,Winter,0.8718840579710144,0.8843353716422109,56,3,1997,2006,0.9859201451502789,1997-2006
CHE,Switzerland,Winter,0.6446376811594203,0.9751595959063231,32,3,1997,2006,0.6610586450316244,1997-2006
CHN,China,Winter,0.6179710144927536,0.342071186822517,27,3,1997,2006,1.8065567586473943,1997-2006
CZE,Czech Republic,Winter,0.39304347826086955,0.733600623310362,10,3,1997,2006,0.5357730974753901,1997-2006
DEU,Germany,Winter,1.0,0.9084103518483793,94,3,1997,2006,1.1008240911888107,1997-2006
DNK,Denmark,Winter,0.21739130434782605,0.9678714859437751,1,1,1997,2006,0.22460761320584516,1997-2006
EST,Estonia,Winter,0.3739130434782609,0.7036721789883269,6,2,1997,2006,0.5313739190539515,1997-2006
FIN,Finland,Winter,0.6069565217391304,0.9187335431219039,28,3,1997,2006,0.660644782465067,1997-2006
FRA,France,Winter,0.6069565217391305,0.891273772945218,28,3,1997,2006,0.6809989704212209,1997-2006
GBR,Great Britain,Winter,0.2115942028985507,0.9409799134931425,4,3,1997,2006,0.2248658019840853,1997-2006
HRV,Croatia,Winter,0.4173913043478261,0.7095391536964981,7,2,1997,2006,0.5882569019247713,1997-2006
ITA,Italy,Winter,0.704927536231884,0.8729336525739795,34,3,1997,2006,0.807538504390679,1997-2006
JPN,Japan,Winter,0.3565217391304348,0.9320826797787779,13,3,1997,2006,0.3825001224301821,1997-2006
KAZ,Kazakhstan,Winter,0.30434782608695654,0.4136546184738956,2,1,1997,2006,0.73575348248206,1997-2006
KOR,Korea Republic,Winter,0.5165217391304348,0.7780201545481537,21,3,1997,2006,0.6638924918730571,1997-2006
LVA,Latvia,Winter,0.19999999999999996,0.6809338521400778,1,1,1997,2006,0.29371428571428565,1997-2006
NLD,Netherlands,Winter,0.6214492753623189,0.9370319922686856,28,3,1997,2006,0.6632103071077682,1997-2006
NOR,Norway,Winter,0.8898550724637682,0.977633682427505,69,3,1997,2006,0.9102131897238044,1997-2006
POL,Poland,Winter,0.268695652173913,0.6783727504863813,4,2,1997,2006,0.3960885103083267,1997-2006
RUS,Russian Federation,Winter,0.8452173913043479,0.5582756406625203,53,3,1997,2006,1.513978633030283,1997-2006
SVK,Slovakia,Winter,0.19999999999999996,0.727626459143969,1,1,1997,2006,0.27486631016042773,1997-2006
SVN,Slovenia,Winter,0.04347826086956519,0.7578125,1,1,1997,2006,0.05737337516808602,1997-2006
SWE,Sweden,Winter,0.5576811594202898,0.9449025023570287,24,3,1997,2006,0.5901996851835742,1997-2006
UKR,Ukraine,Winter,0.268695652173913,0.3450299251480631,3,2,1997,2006,0.7787604279791306,1997-2006
USA,United States,Winter,0.8997101449275363,0.9593769045051802,72,3,1997,2006,0.9378067584309648,1997-2006
AUS,Australia,Winter,0.28579710144927534,0.892354459742592,7,3,2001,2010,0.3202730689906746,2001-2010
AUT,Austria,Winter,0.8631884057971014,0.9055203500698393,56,3,2001,2010,0.9532512502126838,2001-2010
BGR,Bulgaria,Winter,0.27391304347826084,0.5243266658560312,4,2,2001,2010,0.5224091416961645,2001-2010
BLR,Belarus,Winter,0.1878260869565217,0.4835510357427915,5,3,2001,2010,0.38843074065180866,2001-2010
CAN,Canada,Winter,0.9031884057971015,0.9028710528284946,67,3,2001,2010,1.0003514931258597,2001-2010
CHE,Switzerland,Winter,0.6852173913043478,0.9728220405567195,34,3,2001,2010,0.7043604716359188,2001-2010
CHN,China,Winter,0.6695652173913044,0.39685442232864415,30,3,2001,2010,1.6871809402109226,2001-2010
CZE,Czech Republic,Winter,0.4359420289855072,0.7386207036316472,13,3,2001,2010,0.5902109524442914,2001-2010
DEU,Germany,Winter,0.9866666666666667,0.8913678227576574,95,3,2001,2010,1.1069130402465952,2001-2010
EST,Estonia,Winter,0.27594202898550724,0.710140427017859,7,3,2001,2010,0.3885738911447267,2001-2010
FIN,Finland,Winter,0.5072463768115942,0.9133427491768931,21,3,2001,2010,0.5553735191621393,2001-2010
FRA,France,Winter,0.6585507246376812,0.8809813210865011,31,3,2001,2010,0.7475195090691599,2001-2010
GBR,Great Britain,Winter,0.1657971014492753,0.9161318031028634,4,3,2001,2010,0.18097516196657962,2001-2010
HRV,Croatia,Winter,0.384927536231884,0.7127696922079219,10,3,2001,2010,0.540044758412086,2001-2010
ITA,Italy,Winter,0.6342028985507246,0.8603036453656591,29,3,2001,2010,0.7371849485551887,2001-2010
JPN,Japan,Winter,0.28579710144927534,0.9147003298663074,8,3,2001,2010,0.3124488885786752,2001-2010
KAZ,Kazakhstan,Winter,0.07999999999999996,0.6192307692307693,1,1,2001,2010,0.12919254658385088,2001-2010
KOR,Korea Republic,Winter,0.6249275362318841,0.7891106704579468,29,3,2001,2010,0.7919390265870035,2001-2010
LVA,Latvia,Winter,0.15999999999999998,0.6770053876085005,3,2,2001,2010,0.23633489914340974,2001-2010
NLD,Netherlands,Winter,0.5762318840579711,0.9378815443230569,25,3,2001,2010,0.6143972952084084,2001-2010
NOR,Norway,Winter,0.8643478260869566,0.9818762938990323,67,3,2001,2010,0.8803021637834131,2001-2010
POL,Poland,Winter,0.352463768115942,0.6817356798114337,10,3,2001,2010,0.5170094195648268,2001-2010
RUS,Russian Federation,Winter,0.807536231884058,0.6168072028085403,50,3,2001,2010,1.3092198473154355,2001-2010
SVK,Slovakia,Winter,0.25999999999999995,0.7349670757258306,4,2,2001,2010,0.3537573431343602,2001-2010
SVN,Slovenia,Winter,0.18173913043478257,0.7692908653846153,4,2,2001,2010,0.23624241312669184,2001-2010
SWE,Sweden,Winter,0.6672463768115943,0.9456387808041504,32,3,2001,2010,0.7056038630778051,2001-2010
UKR,Ukraine,Winter,0.31999999999999995,0.39688715953307396,2,1,2001,2010,0.8062745098039213,2001-2010
USA,United States,Winter,0.9721739130434782,0.950912276763444,96,3,2001,2010,1.022359198424066,2001-2010
AUS,Australia,Winter,0.26666666666666666,0.9303352289733612,8,3,2005,2014,0.28663503042977023,2005-2014
AUT,Austria,Winter,0.8266666666666667,0.9098673051980445,56,3,2005,2014,0.9085573928681082,2005-2014
BGR,Bulgaria,Winter,0.19999999999999996,0.5447470817120623,1,1,2005,2014,0.367142857142857,2005-2014
BLR,Belarus,Winter,0.2933333333333333,0.53529382420433,10,3,2005,2014,0.5479856483854433,2005-2014
CAN,Canada,Winter,0.9066666666666667,0.9111643220592637,75,3,2005,2014,0.9950638372424064,2005-2014
CHE,Switzerland,Winter,0.6666666666666666,0.9716601815823606,34,3,2005,2014,0.6861109257158112,2005-2014
CHN,China,Winter,0.6666666666666666,0.4578319864312082,31,3,2005,2014,1.45613824814496,2005-2014
CZE,Czech Republic,Winter,0.52,0.7413049985034421,19,3,2005,2014,0.701465659950741,2005-2014
DEU,Germany,Winter,0.9199999999999999,0.8906066048089394,78,3,2005,2014,1.033003792058522,2005-2014
EST,Estonia,Winter,0.24,0.7214606405267884,4,2,2005,2014,0.33265847992034514,2005-2014
FIN,Finland,Winter,0.4266666666666667,0.9060510825102265,19,3,2005,2014,0.4709079597196452,2005-2014
FRA,France,Winter,0.6666666666666666,0.8777561608300908,35,3,2005,2014,0.759512375323236,2005-2014
GBR,Great Britain,Winter,0.18666666666666665,0.8971814825900428,7,3,2005,2014,0.2080589828133601,2005-2014
HRV,Croatia,Winter,0.26666666666666666,0.7040357178489475,7,3,2005,2014,0.378768661739802,2005-2014
ITA,Italy,Winter,0.5466666666666666,0.8481642222887359,24,3,2005,2014,0.6445292695694111,2005-2014
JPN,Japan,Winter,0.38666666666666666,0.8790232465329741,14,3,2005,2014,0.43988218535943113,2005-2014
KAZ,Kazakhstan,Winter,0.07999999999999996,0.6403846153846153,2,2,2005,2014,0.12492492492492488,2005-2014
KOR,Korea Republic,Winter,0.6533333333333333,0.8004888755861518,33,3,2005,2014,0.816167910959331,2005-2014
LVA,Latvia,Winter,0.19999999999999998,0.6846702584056669,8,3,2005,2014,0.29211141793382833,2005-2014
NLD,Netherlands,Winter,0.6533333333333333,0.9343759353486979,41,3,2005,2014,0.699218921011185,2005-2014
NOR,Norway,Winter,0.8666666666666667,0.9832585054374938,68,3,2005,2014,0.8814230051140515,2005-2014
POL,Poland,Winter,0.39999999999999997,0.6820762246832285,14,3,2005,2014,0.5864447191159154,2005-2014
RUS,Russian Federation,Winter,0.88,0.6601765938341814,66,3,2005,2014,1.3329766735429465,2005-2014
SVK,Slovakia,Winter,0.19999999999999996,0.7322857427915794,5,3,2005,2014,0.2731174298677057,2005-2014
SVN,Slovenia,Winter,0.42,0.7769230769230769,11,2,2005,2014,0.5405940594059405,2005-2014
SWE,Sweden,Winter,0.7333333333333334,0.9485233961887657,40,3,2005,2014,0.7731315181891335,2005-2014
UKR,Ukraine,Winter,0.21999999999999997,0.348443579766537,4,2,2005,2014,0.6313791178112784,2005-2014
USA,United States,Winter,0.9733333333333333,0.9382520203531876,90,3,2005,2014,1.037390074541955,2005-2014
AUS,Australia,Winter,0.29793103448275865,0.9446929039952295,9,3,2009,2018,0.3153734226464171,2009-2018
AUT,Austria,Winter,0.7632183908045977,0.9151659709799245,47,3,2009,2018,0.8339671873806375,2009-2018
BEL,Belgium,Winter,0.1724137931034483,0.8953488372093024,1,1,2009,2018,0.19256605463502016,2009-2018
BLR,Belarus,Winter,0.3645977011494253,0.5268833233949514,12,3,2009,2018,0.6919894499604861,2009-2018
CAN,Canada,Winter,0.9103448275862069,0.9061220433313456,80,3,2009,2018,1.0046602820071966,2009-2018
CHE,Switzerland,Winter,0.6662068965517242,0.9768733850129198,35,3,2009,2018,0.6819787566869919,2009-2018
CHN,China,Winter,0.6239080459770115,0.5387497515404492,29,3,2009,2018,1.1580665126862126,2009-2018
CZE,Czech Republic,Winter,0.5457471264367816,0.7493937586960843,22,3,2009,2018,0.728251496765012,2009-2018
DEU,Germany,Winter,0.9085057471264367,0.8959153249850923,80,3,2009,2018,1.014053138494482,2009-2018
ESP,Spain,Winter,0.31034482758620685,0.7945736434108527,2,1,2009,2018,0.39058031959629935,2009-2018
EST,Estonia,Winter,0.07999999999999996,0.7230769230769231,1,1,2009,2018,0.11063829787234038,2009-2018
FIN,Finland,Winter,0.400919540229885,0.9074637249055854,16,3,2009,2018,0.4418022772994013,2009-2018
FRA,France,Winter,0.7328735632183907,0.8714470284237725,41,3,2009,2018,0.8409846374070192,2009-2018
GBR,Great Britain,Winter,0.2694252873563218,0.8791790896442059,11,3,2009,2018,0.3064509728789788,2009-2018
HRV,Croatia,Winter,0.19999999999999996,0.698076923076923,4,2,2009,2018,0.28650137741046827,2009-2018
HUN,Hungary,Winter,0.1724137931034483,0.7015503875968992,1,1,2009,2018,0.24576109735187657,2009-2018
ITA,Italy,Winter,0.5154022988505748,0.8393063009342079,23,3,2009,2018,0.6140812934168315,2009-2018
JPN,Japan,Winter,0.5268965517241379,0.870135161995627,26,3,2009,2018,0.605534145426002,2009-2018
KAZ,Kazakhstan,Winter,0.11080459770114941,0.6233055058636454,3,3,2009,2018,0.1777693228421266,2009-2018
KOR,Korea Republic,Winter,0.702528735632184,0.8136752136752138,39,3,2009,2018,0.8634019124891336,2009-2018
LIE,Liechtenstein,Winter,0.1724137931034483,0.9961240310077519,1,1,2009,2018,0.1730846638937341,2009-2018
LVA,Latvia,Winter,0.19080459770114944,0.6928344265553568,8,3,2009,2018,0.27539710844017123,2009-2018
NLD,Netherlands,Winter,0.7540229885057471,0.9279964221824687,52,3,2009,2018,0.8125279047223376,2009-2018
NOR,Norway,Winter,0.9333333333333332,0.9794076724309283,88,3,2009,2018,0.9529569346917237,2009-2018
NZL,New Zealand,Winter,0.31034482758620685,0.875968992248062,2,1,2009,2018,0.354287458040891,2009-2018
POL,Poland,Winter,0.39678160919540223,0.6850824885708606,14,3,2009,2018,0.5791734802959595,2009-2018
RUS,Olympic Athletes from Russia,Winter,0.8275862068965517,0.624031007751938,17,1,2009,2018,1.3261940458342256,2009-2018
RUS,Russian Federation,Winter,0.9,0.6673076923076924,44,2,2009,2018,1.3487031700288183,2009-2018
SVK,Slovakia,Winter,0.2712643678160919,0.7339296362552177,7,3,2009,2018,0.3696054150370378,2009-2018
SVN,Slovenia,Winter,0.3834482758620689,0.7750546611011728,13,3,2009,2018,0.4947370748242168,2009-2018
SWE,Sweden,Winter,0.7098850574712644,0.9395448221029615,40,3,2009,2018,0.7555627371585584,2009-2018
UKR,Ukraine,Winter,0.14620689655172414,0.2992248062015504,3,2,2009,2018,0.4886189029837413,2009-2018
USA,United States,Winter,0.952183908045977,0.9383224011130987,88,3,2009,2018,1.0147726484164024,2009-2018
AUS,Australia,Winter,0.33412151067323487,0.9405062052772809,10,3,2013,2022,0.35525710388559195,2013-2022
AUT,Austria,Winter,0.7570279146141216,0.9121210991850527,49,3,2013,2022,0.8299642616429975,2013-2022
BEL,Belgium,Winter,0.24692118226600984,0.8949400436046512,3,2,2013,2022,0.2759080723122607,2013-2022
BLR,Belarus,Winter,0.36507389162561577,0.524439413138541,11,3,2013,2022,0.6961221496317522,2013-2022
CAN,Canada,Winter,0.9012972085385879,0.907023485639038,80,3,2013,2022,0.9936867377845064,2013-2022
CHE,Switzerland,Winter,0.6804926108374384,0.9767531927052276,41,3,2013,2022,0.6966883916219795,2013-2022
CHN,China,Winter,0.5981937602627257,0.5932369310276288,33,3,2013,2022,1.008355564152944,2013-2022
CZE,Czech Republic,Winter,0.47955665024630534,0.7546020920294176,18,3,2013,2022,0.6355093039254524,2013-2022
DEU,Germany,Winter,0.8980295566502464,0.8979185301132976,77,3,2013,2022,1.0001236487868614,2013-2022
ESP,Spain,Winter,0.22660098522167488,0.7859586967054264,3,2,2013,2022,0.28831156926125834,2013-2022
EST,Estonia,Winter,0.1428571428571429,0.76953125,1,1,2013,2022,0.18564176939811464,2013-2022
FIN,Finland,Winter,0.42091954022988504,0.8991904877260982,19,3,2013,2022,0.46810942283688955,2013-2022
FRA,France,Winter,0.6833497536945812,0.8604093681673625,44,3,2013,2022,0.7942146831223942,2013-2022
GBR,Great Britain,Winter,0.3499014778325123,0.8811021665672828,12,3,2013,2022,0.39711794058537603,2013-2022
HRV,Croatia,Winter,0.07999999999999996,0.676923076923077,1,1,2013,2022,0.11818181818181811,2013-2022
HUN,Hungary,Winter,0.2826354679802956,0.6964783187984496,4,2,2013,2022,0.4058065561436178,2013-2022
ITA,Italy,Winter,0.6068308702791462,0.826846365036772,35,3,2013,2022,0.7339100659312433,2013-2022
JPN,Japan,Winter,0.6540394088669951,0.8344981427648578,39,3,2013,2022,0.783751784875198,2013-2022
KAZ,Kazakhstan,Winter,0.12620689655172412,0.6253428741800835,2,2,2013,2022,0.2018203161220953,2013-2022
KOR,Korea Republic,Winter,0.6277668308702792,0.8178018162393162,34,3,2013,2022,0.7676270930249115,2013-2022
LIE,Liechtenstein,Winter,0.1724137931034483,0.9961240310077519,1,1,2013,2022,0.1730846638937341,2013-2022
LVA,Latvia,Winter,0.19842364532019707,0.7080587855297157,7,3,2013,2022,0.2802361179259313,2013-2022
NLD,Netherlands,Winter,0.8054515599343185,0.923789691413238,61,3,2013,2022,0.8718992725520863,2013-2022
NOR,Norway,Winter,0.9733333333333333,0.9793275442258,102,3,2013,2022,0.9938792583463938,2013-2022
NZL,New Zealand,Winter,0.3516009852216749,0.879390746124031,5,2,2013,2022,0.3998233854192552,2013-2022
POL,Poland,Winter,0.27106732348111656,0.6886682257503477,9,3,2013,2022,0.39361090485301764,2013-2022
RUS,Olympic Athletes from Russia,Winter,0.8275862068965517,0.624031007751938,17,1,2013,2022,1.3261940458342256,2013-2022
RUS,ROC,Winter,0.9642857142857143,0.66796875,32,1,2013,2022,1.443609022556391,2013-2022
RUS,Russian Federation,Winter,1.0,0.6730769230769231,29,1,2013,2022,1.4857142857142855,2013-2022
SVK,Slovakia,Winter,0.27174055829228244,0.7325874888193202,6,3,2013,2022,0.37093256769950445,2013-2022
SVN,Slovenia,Winter,0.4315435139573071,0.7726107508447625,17,3,2013,2022,0.5585523026769471,2013-2022
SWE,Sweden,Winter,0.7436945812807881,0.927565655436295,47,3,2013,2022,0.8017702864720447,2013-2022
UKR,Ukraine,Winter,0.14509031198686373,0.31667070413436693,4,3,2013,2022,0.45817409091717015,2013-2022
USA,United States,Winter,0.9045648604269294,0.9445123049592526,76,3,2013,2022,0.9577057447292372,2013-2022
